分析実行日時,取引日,銘柄コード,銘柄名,終値,前日比,前日比率(%),RSI,MACD,Signal,25MA,20日高値,20日安値,25MAタッチ,20日安値タッチ,陽線,終値位置(%),反発初動,判定,反発確度スコア
2026-08-28 21:35:16,2026-08-28,7203.T,トヨタ自動車,3116.0,39.0,1.27,64.6,42.99,38.485,3027.1,3145.0,2869.5,False,False,True,54.7,False,ボックス上限タッチ＋上昇（上抜け警戒） / MACDゴールデンクロス（上昇トレンド寄り） / 総合スコア 20点（反発余地あり）,20
2026-08-28 21:35:16,2026-08-28,6758.T,ソニーグループ,3928.0,58.0,1.5,62.4,91.721,85.799,3733.4,3968.0,3515.0,False,False,True,57.0,False,MACDゴールデンクロス（上昇トレンド寄り） / 総合スコア 20点（反発余地あり）,20
2026-08-28 21:35:16,2026-08-28,8035.T,東京エレクトロン,56230.0,230.0,0.41,55.9,-1867.608,-2222.776,56420.0,61650.0,52550.0,True,False,False,20.4,False,25MAタッチ＋終値上昇（反発強候補） / MACDゴールデンクロス（上昇トレンド寄り） / 総合スコア 60点（反発候補）,60
2026-08-28 21:35:16,2026-08-28,6861.T,キーエンス,82960.0,810.0,0.99,44.1,895.85,1343.041,81742.0,87920.0,78690.0,False,False,True,23.9,False,MACDデッドクロス（下落トレンド寄り） / 総合スコア 0点（反発余地あり）,0
2026-08-28 21:35:16,2026-08-28,9983.T,ファーストリテイリング,71260.0,40.0,0.06,13.2,-2050.126,-1595.33,76154.2,79801.4,70200.0,False,False,True,62.4,False,RSI 13.2（強い売られ過ぎ） / MACDデッドクロス（下落トレンド寄り） / 総合スコア 25点（反発余地あり）,25
2026-08-28 21:35:16,2026-08-28,9432.T,NTT,168.6,0.4,0.24,72.4,4.319,3.659,159.7,170.0,149.7,False,False,True,56.5,False,ボックス上限タッチ＋上昇（上抜け警戒） / RSI 72.4（買われ過ぎ・警戒） / MACDゴールデンクロス（上昇トレンド寄り） / 総合スコア 20点（反発余地あり）,20
2026-08-28 21:35:16,2026-08-28,9433.T,KDDI,2922.0,41.5,1.44,44.1,11.941,12.139,2905.0,2990.5,2779.0,True,False,True,100.0,False,25MAタッチ＋終値上昇（反発強候補） / MACDデッドクロス（下落トレンド寄り） / 総合スコア 40点（反発余地あり）,40
2026-08-28 21:35:16,2026-08-28,8306.T,三菱UFJフィナンシャルグループ,3658.0,50.0,1.39,56.2,18.525,21.751,3592.4,3742.0,3415.0,False,False,True,80.6,False,MACDデッドクロス（下落トレンド寄り） / 総合スコア 0点（反発余地あり）,0
2026-08-28 21:35:16,2026-08-28,8316.T,三井住友フィナンシャルグループ,6902.0,108.0,1.59,54.6,-1.246,-2.774,6785.6,7035.0,6420.0,False,False,True,79.0,False,MACDゴールデンクロス（上昇トレンド寄り） / 総合スコア 20点（反発余地あり）,20
2026-08-28 21:35:16,2026-08-28,4502.T,武田薬品工業,5800.0,-9.0,-0.15,67.5,103.643,93.171,5645.3,5906.0,5225.0,False,False,True,27.9,False,MACDゴールデンクロス（上昇トレンド寄り） / 総合スコア 20点（反発余地あり）,20
2026-08-28 21:35:16,2026-08-28,6098.T,リクルート,17800.0,830.0,4.89,80.5,1196.732,1101.794,14822.2,17810.0,12085.0,False,False,True,98.2,False,ボックス上限タッチ＋上昇（上抜け警戒） / RSI 80.5（買われ過ぎ・警戒） / MACDゴールデンクロス（上昇トレンド寄り） / 総合スコア 20点（反発余地あり）,20
2026-08-28 21:35:16,2026-08-28,7974.T,任天堂,8993.0,265.0,3.04,68.1,376.477,366.124,8234.3,9095.0,7403.0,False,False,True,68.9,False,MACDゴールデンクロス（上昇トレンド寄り） / 総合スコア 20点（反発余地あり）,20
2026-08-28 21:35:16,2026-08-28,6501.T,日立製作所,5550.0,117.0,2.15,47.0,88.172,114.362,5357.4,5830.0,5166.0,False,False,True,40.3,False,MACDデッドクロス（下落トレンド寄り） / 総合スコア 0点（反発余地あり）,0
2026-08-28 21:35:16,2026-08-28,9984.T,ソフトバンクグループ,5161.0,-39.0,-0.75,40.1,-166.663,-153.153,5354.6,6230.0,4882.0,False,False,False,19.7,False,MACDデッドクロス（下落トレンド寄り） / 総合スコア 0点（反発余地あり）,0
2026-08-28 21:35:16,2026-08-28,8058.T,三菱商事,4786.0,49.0,1.03,43.8,13.324,19.321,4777.0,4925.0,4581.0,True,False,True,76.5,False,25MAタッチ＋終値上昇（反発強候補） / MACDデッドクロス（下落トレンド寄り） / 総合スコア 40点（反発余地あり）,40
2026-08-28 21:35:16,2026-08-28,8001.T,伊藤忠商事,2116.5,11.5,0.55,55.1,39.724,35.264,2042.6,2143.0,1940.0,False,False,True,56.9,False,MACDゴールデンクロス（上昇トレンド寄り） / 総合スコア 20点（反発余地あり）,20
2026-08-28 21:35:16,2026-08-28,8053.T,住友商事,1775.5,25.5,1.46,47.8,31.975,33.737,1712.4,1824.0,1539.5,False,False,True,78.7,False,MACDデッドクロス（下落トレンド寄り） / 総合スコア 0点（反発余地あり）,0
2026-08-28 21:35:16,2026-08-28,8766.T,東京海上HD,7693.0,64.0,0.84,40.8,-58.281,-65.515,7734.1,8235.0,7186.0,True,False,True,69.1,False,25MAタッチ＋終値上昇（反発強候補） / MACDゴールデンクロス（上昇トレンド寄り） / 総合スコア 60点（反発候補）,60
2026-08-28 21:35:16,2026-08-28,4661.T,オリエンタルランド,3039.0,25.0,0.83,57.0,71.561,80.033,2962.4,3167.0,2819.5,False,False,True,100.0,False,MACDデッドクロス（下落トレンド寄り） / 総合スコア 0点（反発余地あり）,0
2026-08-28 21:35:16,2026-08-28,6902.T,デンソー,1915.5,12.0,0.63,47.8,-12.456,-9.24,1961.9,2195.0,1883.5,False,False,True,78.7,False,MACDデッドクロス（下落トレンド寄り） / 総合スコア 0点（反発余地あり）,0
2026-08-28 21:35:16,2026-08-28,6981.T,村田製作所,7397.0,88.0,1.2,52.5,-297.085,-343.307,7412.8,8540.0,6770.0,True,False,False,40.1,False,25MAタッチ＋終値上昇（反発強候補） / MACDゴールデンクロス（上昇トレンド寄り） / 総合スコア 60点（反発候補）,60
2026-08-28 21:35:16,2026-08-28,6594.T,日本電産,2626.0,23.0,0.88,41.3,-10.085,5.1,2660.6,2847.0,2470.0,False,False,True,80.4,False,MACDデッドクロス（下落トレンド寄り） / 総合スコア 0点（反発余地あり）,0
2026-08-28 21:35:16,2026-08-28,7741.T,HOYA,24405.0,-60.0,-0.25,34.3,-200.837,-48.724,25235.2,26925.0,23955.0,False,False,True,40.0,False,RSI 34.3（やや弱い） / MACDデッドクロス（下落トレンド寄り） / 総合スコア 10点（反発余地あり）,10
2026-08-28 21:35:16,2026-08-28,9101.T,日本郵船,7115.0,183.0,2.64,79.5,347.448,312.008,6418.0,7405.0,5735.0,False,False,True,91.6,False,RSI 79.5（買われ過ぎ・警戒） / MACDゴールデンクロス（上昇トレンド寄り） / 総合スコア 20点（反発余地あり）,20
2026-08-28 21:35:16,2026-08-28,9107.T,川崎汽船,3382.0,94.0,2.86,79.4,170.582,148.571,3024.8,3591.0,2685.0,False,False,True,86.7,False,RSI 79.4（買われ過ぎ・警戒） / MACDゴールデンクロス（上昇トレンド寄り） / 総合スコア 20点（反発余地あり）,20
2026-08-28 21:35:16,2026-08-28,9104.T,商船三井,7096.0,93.0,1.33,76.7,367.624,341.824,6440.7,7509.0,5658.0,False,False,True,74.7,False,RSI 76.7（買われ過ぎ・警戒） / MACDゴールデンクロス（上昇トレンド寄り） / 総合スコア 20点（反発余地あり）,20
2026-08-28 21:35:16,2026-08-28,5411.T,JFEホールディングス,1859.0,20.0,1.09,48.8,29.293,32.728,1824.3,1904.0,1745.0,False,False,True,86.5,False,MACDデッドクロス（下落トレンド寄り） / 総合スコア 0点（反発余地あり）,0
2026-08-28 21:35:16,2026-08-28,5401.T,日本製鉄,677.0,6.0,0.89,41.3,15.07,19.397,667.9,708.0,628.2,False,False,True,68.5,False,MACDデッドクロス（下落トレンド寄り） / 総合スコア 0点（反発余地あり）,0
2026-08-28 21:35:16,2026-08-28,4503.T,アステラス製薬,2370.5,-20.5,-0.86,55.1,50.377,48.474,2306.2,2455.0,2125.0,False,False,False,16.2,False,MACDゴールデンクロス（上昇トレンド寄り） / 総合スコア 20点（反発余地あり）,20
2026-08-28 21:35:16,2026-08-28,2503.T,キリンHD,3053.0,4.0,0.13,51.6,42.995,45.802,3007.3,3132.0,2805.5,False,False,True,82.5,False,MACDデッドクロス（下落トレンド寄り） / 総合スコア 0点（反発余地あり）,0
2026-08-28 21:35:16,2026-08-28,2502.T,アサヒグループHD,1670.5,6.5,0.39,45.4,11.496,16.59,1679.5,1753.0,1605.0,True,False,True,100.0,False,25MAタッチ＋終値上昇（反発強候補） / MACDデッドクロス（下落トレンド寄り） / 総合スコア 40点（反発余地あり）,40
2026-08-28 21:35:16,2026-08-28,2914.T,日本たばこ産業,6948.0,-53.0,-0.76,40.2,119.589,155.984,6916.8,7218.0,6671.0,True,False,False,31.4,False,25MAタッチ＋終値下落（反発弱候補・注意） / MACDデッドクロス（下落トレンド寄り） / 総合スコア 20点（反発余地あり）,20
2026-08-28 21:35:16,2026-08-28,3382.T,セブン＆アイHD,2001.5,18.5,0.93,31.9,-7.5,-1.132,2045.4,2130.3,1956.4,False,False,True,100.0,False,RSI 31.9（やや弱い） / MACDデッドクロス（下落トレンド寄り） / 総合スコア 10点（反発余地あり）,10
2026-08-28 21:35:16,2026-08-28,3092.T,ZOZO,1148.0,5.0,0.44,49.6,-1.612,-2.875,1145.6,1181.5,1090.0,True,False,True,76.9,False,25MAタッチ＋終値上昇（反発強候補） / MACDゴールデンクロス（上昇トレンド寄り） / 総合スコア 60点（反発候補）,60
2026-08-28 21:35:16,2026-08-28,3289.T,東急不動産HD,1330.5,-7.5,-0.56,57.0,4.553,2.864,1330.7,1363.0,1275.5,True,False,True,40.9,False,25MAタッチ＋終値下落（反発弱候補・注意） / MACDゴールデンクロス（上昇トレンド寄り） / 総合スコア 40点（反発余地あり）,40
2026-08-28 21:35:16,2026-08-28,3407.T,旭化成,1615.5,-33.5,-2.03,36.8,-39.658,-38.243,1696.0,1895.0,1558.5,False,False,False,13.3,False,RSI 36.8（やや弱い） / MACDデッドクロス（下落トレンド寄り） / 総合スコア 10点（反発余地あり）,10
2026-08-28 21:35:16,2026-08-28,3401.T,帝人,1726.0,-4.0,-0.23,42.4,13.702,17.457,1715.9,1824.0,1567.0,True,False,True,69.6,False,25MAタッチ＋終値下落（反発弱候補・注意） / MACDデッドクロス（下落トレンド寄り） / 総合スコア 20点（反発余地あり）,20
2026-08-28 21:35:16,2026-08-28,3861.T,王子HD,881.5,4.9,0.56,47.7,7.029,7.873,873.9,890.5,842.5,True,False,True,100.0,False,25MAタッチ＋終値上昇（反発強候補） / MACDデッドクロス（下落トレンド寄り） / 総合スコア 40点（反発余地あり）,40
2026-08-28 21:35:16,2026-08-28,3863.T,日本製紙,1396.0,-9.0,-0.64,48.5,-0.107,-0.202,1396.1,1464.0,1251.0,True,False,True,65.5,False,25MAタッチ＋終値下落（反発弱候補・注意） / MACDゴールデンクロス（上昇トレンド寄り） / 総合スコア 50点（反発余地あり）,50
2026-08-28 21:35:16,2026-08-28,4063.T,信越化学工業,6001.0,8.0,0.13,43.9,-168.145,-178.846,6105.4,6508.0,5674.0,False,False,False,0.0,False,MACDゴールデンクロス（上昇トレンド寄り） / 総合スコア 20点（反発余地あり）,20
2026-08-28 21:35:16,2026-08-28,4188.T,三菱ケミカルグループ,1183.5,12.5,1.07,42.1,-2.899,0.442,1173.8,1263.0,1100.5,True,False,True,73.7,False,25MAタッチ＋終値上昇（反発強候補） / MACDデッドクロス（下落トレンド寄り） / 総合スコア 40点（反発余地あり）,40
2026-08-28 21:35:16,2026-08-28,4208.T,宇部興産,3570.0,10.0,0.28,66.4,86.238,95.317,3425.7,3713.0,3089.0,False,False,True,55.0,False,MACDデッドクロス（下落トレンド寄り） / 総合スコア 0点（反発余地あり）,0
2026-08-28 21:35:16,2026-08-28,4452.T,花王,3635.0,16.0,0.44,48.3,82.389,83.306,3475.8,3782.0,3140.0,False,False,True,83.0,False,MACDデッドクロス（下落トレンド寄り） / 総合スコア 0点（反発余地あり）,0
2026-08-28 21:35:16,2026-08-28,4506.T,大日本住友製薬,1485.0,44.0,3.05,73.5,28.052,10.64,1346.5,1509.5,1188.0,False,False,True,93.3,False,RSI 73.5（買われ過ぎ・警戒） / MACDゴールデンクロス（上昇トレンド寄り） / 総合スコア 20点（反発余地あり）,20
2026-08-28 21:35:16,2026-08-28,4519.T,中外製薬,7033.0,86.0,1.24,56.5,-44.537,-69.721,6963.6,7229.0,6575.0,True,False,True,78.1,False,25MAタッチ＋終値上昇（反発強候補） / MACDゴールデンクロス（上昇トレンド寄り） / 総合スコア 60点（反発候補）,60
2026-08-28 21:35:16,2026-08-28,4523.T,エーザイ,4824.0,4.0,0.08,52.6,83.06,107.711,4819.6,5040.0,4476.0,True,False,True,57.1,False,25MAタッチ＋終値上昇（反発強候補） / MACDデッドクロス（下落トレンド寄り） / 総合スコア 40点（反発余地あり）,40
2026-08-28 21:35:16,2026-08-28,4543.T,テルモ,2539.0,-21.0,-0.82,61.9,70.736,78.521,2463.1,2689.0,2253.0,False,False,True,11.1,False,MACDデッドクロス（下落トレンド寄り） / 総合スコア 0点（反発余地あり）,0
2026-08-28 21:35:16,2026-08-28,4578.T,大塚HD,12170.0,-10.0,-0.08,38.7,216.435,259.401,11961.0,12795.0,10800.0,False,False,True,22.7,False,RSI 38.7（やや弱い） / MACDデッドクロス（下落トレンド寄り） / 総合スコア 10点（反発余地あり）,10
2026-08-28 21:35:16,2026-08-28,4901.T,富士フイルムHD,3319.0,23.0,0.7,56.0,-82.82,-86.017,3462.2,3908.0,3114.0,False,False,True,73.3,False,MACDゴールデンクロス（上昇トレンド寄り） / 総合スコア 20点（反発余地あり）,20
2026-08-28 21:35:16,2026-08-28,4911.T,資生堂,3766.0,67.0,1.81,58.9,169.449,168.628,3472.4,3821.0,3029.0,False,False,True,90.6,False,MACDゴールデンクロス（上昇トレンド寄り） / 総合スコア 20点（反発余地あり）,20
2026-08-28 21:35:16,2026-08-28,5020.T,ENEOS,1324.0,-7.0,-0.53,45.6,11.865,10.309,1307.4,1353.0,1265.0,False,False,False,10.6,False,MACDゴールデンクロス（上昇トレンド寄り） / 総合スコア 20点（反発余地あり）,20
2026-08-28 21:35:16,2026-08-28,5108.T,ブリヂストン,4113.0,-23.0,-0.56,42.9,89.132,107.851,4053.5,4393.0,3811.0,False,False,False,21.6,False,MACDデッドクロス（下落トレンド寄り） / 総合スコア 0点（反発余地あり）,0
2026-08-28 21:35:16,2026-08-28,5201.T,AGC,5729.0,-27.0,-0.47,45.4,-146.446,-163.362,5890.4,6175.0,5581.0,False,False,False,6.9,False,MACDゴールデンクロス（上昇トレンド寄り） / 総合スコア 20点（反発余地あり）,20
2026-08-28 21:35:16,2026-08-28,5214.T,日本電気硝子,4796.0,-6.0,-0.12,43.3,-210.072,-234.234,4985.9,5397.0,4323.0,False,False,True,59.7,False,MACDゴールデンクロス（上昇トレンド寄り） / 総合スコア 20点（反発余地あり）,20
2026-08-28 21:35:16,2026-08-28,5332.T,TOTO,6345.0,-131.0,-2.02,44.6,-247.712,-292.93,6590.0,7210.0,6095.0,False,False,False,13.1,False,MACDゴールデンクロス（上昇トレンド寄り） / 総合スコア 20点（反発余地あり）,20
2026-08-28 21:35:16,2026-08-28,5406.T,神戸製鋼所,2027.5,5.5,0.27,47.5,12.743,14.587,2023.6,2098.5,1919.5,True,False,True,59.5,False,25MAタッチ＋終値上昇（反発強候補） / MACDデッドクロス（下落トレンド寄り） / 総合スコア 40点（反発余地あり）,40
2026-08-28 21:35:16,2026-08-28,5713.T,住友金属鉱山,11525.0,125.0,1.1,74.0,898.074,739.442,9416.7,11850.0,7705.0,False,False,True,56.0,False,RSI 74.0（買われ過ぎ・警戒） / MACDゴールデンクロス（上昇トレンド寄り） / 総合スコア 20点（反発余地あり）,20
2026-08-28 21:35:16,2026-08-28,5802.T,住友電気工業,2180.0,-75.0,-3.33,52.9,-59.744,-69.209,2236.4,2584.0,1973.0,False,False,False,21.8,False,MACDゴールデンクロス（上昇トレンド寄り） / 総合スコア 20点（反発余地あり）,20
2026-08-28 21:35:16,2026-08-28,5803.T,フジクラ,5340.0,-160.0,-2.91,52.7,123.026,132.423,5024.1,6433.0,4008.0,False,False,False,21.2,False,MACDデッドクロス（下落トレンド寄り） / 総合スコア 0点（反発余地あり）,0
2026-08-28 21:35:16,2026-08-28,5901.T,東洋製罐グループHD,4513.0,7.0,0.16,68.1,99.343,88.732,4291.3,4552.0,3955.0,False,False,True,52.4,False,ボックス上限タッチ＋上昇（上抜け警戒） / MACDゴールデンクロス（上昇トレンド寄り） / 総合スコア 20点（反発余地あり）,20
2026-08-28 21:35:16,2026-08-28,6099.T,エラン,754.0,2.0,0.27,44.1,-0.912,0.184,763.4,780.0,724.0,False,False,True,75.0,False,MACDデッドクロス（下落トレンド寄り） / 総合スコア 0点（反発余地あり）,0
2026-08-28 21:35:16,2026-08-28,6301.T,コマツ,7538.0,-23.0,-0.3,56.1,177.299,160.431,7174.9,7636.0,6582.0,False,False,True,15.3,False,MACDゴールデンクロス（上昇トレンド寄り） / 総合スコア 20点（反発余地あり）,20
2026-08-28 21:35:16,2026-08-28,6367.T,ダイキン工業,20895.0,55.0,0.26,26.3,-773.697,-793.652,22073.2,23770.0,20560.0,False,False,True,34.1,False,RSI 26.3（売られ過ぎ） / MACDゴールデンクロス（上昇トレンド寄り） / 総合スコア 40点（反発余地あり）,40
2026-08-28 21:35:16,2026-08-28,6471.T,日本精工,1100.5,-7.0,-0.63,24.7,-12.718,-6.988,1139.3,1254.0,1089.0,False,False,False,17.8,False,RSI 24.7（強い売られ過ぎ） / MACDデッドクロス（下落トレンド寄り） / 総合スコア 25点（反発余地あり）,25
2026-08-28 21:35:16,2026-08-28,6473.T,ジェイテクト,2035.0,-25.5,-1.24,32.7,-10.885,0.283,2104.0,2264.5,2031.5,False,True,False,2.7,False,ボックス下限タッチ＋下落（下抜け警戒） / RSI 32.7（やや弱い） / MACDデッドクロス（下落トレンド寄り） / 総合スコア 30点（反発余地あり）,30
2026-08-28 21:35:16,2026-08-28,6503.T,三菱電機,5648.0,85.0,1.53,42.1,-37.941,-10.722,5709.8,6265.0,5357.0,False,False,True,65.2,False,MACDデッドクロス（下落トレンド寄り） / 総合スコア 0点（反発余地あり）,0
2026-08-28 21:35:16,2026-08-28,6504.T,富士電機,13815.0,-415.0,-2.92,38.6,89.202,158.013,13960.8,15240.0,13370.0,False,False,False,0.0,False,RSI 38.6（やや弱い） / MACDデッドクロス（下落トレンド寄り） / 総合スコア 10点（反発余地あり）,10
2026-08-28 21:35:16,2026-08-28,6506.T,安川電機,4811.0,-36.0,-0.74,31.8,-203.647,-210.972,5044.1,5597.4,4691.2,False,False,False,32.8,False,RSI 31.8（やや弱い） / MACDゴールデンクロス（上昇トレンド寄り） / 総合スコア 30点（反発余地あり）,30
2026-08-28 21:35:16,2026-08-28,6586.T,マキタ,5329.0,29.0,0.55,40.3,-77.318,-87.843,5395.3,5522.0,5058.0,False,False,False,24.6,False,MACDゴールデンクロス（上昇トレンド寄り） / 総合スコア 20点（反発余地あり）,20
2026-08-28 21:35:16,2026-08-28,6645.T,オムロン,6633.0,106.0,1.62,50.0,184.419,215.023,6220.1,7245.0,5276.0,False,False,False,42.0,False,MACDデッドクロス（下落トレンド寄り） / 総合スコア 0点（反発余地あり）,0
2026-08-28 21:35:16,2026-08-28,6674.T,ジャパンディスプレイ,5277.0,-97.0,-1.8,51.9,-156.894,-174.42,5469.2,6314.0,5099.0,False,False,False,0.0,False,MACDゴールデンクロス（上昇トレンド寄り） / 総合スコア 20点（反発余地あり）,20
2026-08-28 21:35:16,2026-08-28,6723.T,ルネサスエレクトロニクス,3417.0,37.0,1.09,29.6,-175.356,-170.43,3610.8,4053.0,3291.0,False,False,False,5.9,False,RSI 29.6（売られ過ぎ） / MACDデッドクロス（下落トレンド寄り） / 総合スコア 20点（反発余地あり）,20
2026-08-28 21:35:16,2026-08-28,6752.T,パナソニックHD,4414.0,39.0,0.89,54.5,47.386,66.157,4279.8,4982.0,4130.0,False,False,False,29.7,False,MACDデッドクロス（下落トレンド寄り） / 総合スコア 0点（反発余地あり）,0
2026-08-28 21:35:16,2026-08-28,6754.T,アンリツ,3396.0,-14.0,-0.41,42.4,-131.878,-139.728,3550.6,3873.0,3210.0,False,False,False,15.6,False,MACDゴールデンクロス（上昇トレンド寄り） / 総合スコア 20点（反発余地あり）,20
2026-08-28 21:35:16,2026-08-28,6762.T,TDK,3112.0,35.0,1.14,59.0,-34.881,-48.249,3047.1,3300.0,2944.0,False,False,True,77.0,False,MACDゴールデンクロス（上昇トレンド寄り） / 総合スコア 20点（反発余地あり）,20
2026-08-28 21:35:16,2026-08-28,6770.T,アルプスアルパイン,2239.0,27.5,1.24,69.2,19.875,15.957,2178.5,2257.5,2032.0,False,False,True,63.5,False,ボックス上限タッチ＋上昇（上抜け警戒） / MACDゴールデンクロス（上昇トレンド寄り） / 総合スコア 20点（反発余地あり）,20
2026-08-28 21:35:16,2026-08-28,6841.T,横河電機,5120.0,-25.0,-0.49,38.2,-122.987,-93.032,5442.6,5980.0,4941.0,False,False,True,32.1,False,RSI 38.2（やや弱い） / MACDデッドクロス（下落トレンド寄り） / 総合スコア 10点（反発余地あり）,10
2026-08-28 21:35:16,2026-08-28,6857.T,アドバンテスト,35270.0,660.0,1.91,61.3,1265.001,1423.182,33032.4,38730.0,30080.0,False,False,True,75.9,False,MACDデッドクロス（下落トレンド寄り） / 総合スコア 0点（反発余地あり）,0
2026-08-28 21:35:16,2026-08-28,6954.T,ファナック,6052.0,29.0,0.48,31.2,-209.846,-200.533,6364.6,7240.0,5808.0,False,False,True,18.1,False,RSI 31.2（やや弱い） / MACDデッドクロス（下落トレンド寄り） / 総合スコア 10点（反発余地あり）,10
2026-08-28 21:35:16,2026-08-28,6971.T,京セラ,3625.0,-24.0,-0.66,38.0,-19.39,1.674,3708.7,3981.0,3490.0,False,False,False,10.0,False,RSI 38.0（やや弱い） / MACDデッドクロス（下落トレンド寄り） / 総合スコア 10点（反発余地あり）,10
2026-08-28 21:35:16,2026-08-28,7011.T,三菱重工業,4025.0,40.0,1.0,49.1,24.334,49.637,4002.2,4439.0,3621.0,True,False,True,53.1,False,25MAタッチ＋終値上昇（反発強候補） / MACDデッドクロス（下落トレンド寄り） / 総合スコア 40点（反発余地あり）,40
2026-08-28 21:35:16,2026-08-28,7012.T,川崎重工業,2623.0,-3.5,-0.13,37.7,-51.843,-37.654,2730.2,2955.5,2552.0,False,False,True,47.8,False,RSI 37.7（やや弱い） / MACDデッドクロス（下落トレンド寄り） / 総合スコア 10点（反発余地あり）,10
2026-08-28 21:35:16,2026-08-28,7201.T,日産自動車,321.0,9.0,2.88,40.6,-2.478,-0.357,332.1,351.5,312.0,False,False,True,81.2,False,MACDデッドクロス（下落トレンド寄り） / 総合スコア 0点（反発余地あり）,0
2026-08-28 21:35:16,2026-08-28,7267.T,ホンダ,1702.5,40.0,2.41,52.5,35.132,41.529,1660.5,1762.5,1538.0,False,False,True,80.7,False,MACDデッドクロス（下落トレンド寄り） / 総合スコア 0点（反発余地あり）,0
2026-08-28 21:35:16,2026-08-28,7270.T,SUBARU,2639.0,54.0,2.09,56.6,14.234,13.865,2618.3,2771.5,2444.0,True,False,True,76.9,False,25MAタッチ＋終値上昇（反発強候補） / MACDゴールデンクロス（上昇トレンド寄り） / 総合スコア 60点（反発候補）,60
2026-08-28 21:35:16,2026-08-28,7731.T,ニコン,1942.0,-15.0,-0.77,42.0,-33.428,-34.032,1989.1,2089.5,1849.5,False,False,False,41.0,False,MACDゴールデンクロス（上昇トレンド寄り） / 総合スコア 20点（反発余地あり）,20
2026-08-28 21:35:16,2026-08-28,7733.T,オリンパス,2149.0,7.5,0.35,74.6,92.658,93.406,1995.3,2210.5,1761.0,False,False,True,72.6,False,RSI 74.6（買われ過ぎ・警戒） / MACDデッドクロス（下落トレンド寄り） / 総合スコア 0点（反発余地あり）,0
2026-08-28 21:35:16,2026-08-28,7751.T,キヤノン,4686.0,-3.0,-0.06,54.4,57.392,51.999,4566.2,4721.0,4364.0,False,False,False,30.0,False,ボックス上限タッチ＋下落（天井候補） / MACDゴールデンクロス（上昇トレンド寄り） / 総合スコア 20点（反発余地あり）,20
2026-08-28 21:35:16,2026-08-28,8031.T,三井物産,4979.0,52.0,1.06,53.4,28.885,18.1,4880.6,4995.0,4662.0,False,False,True,91.0,False,ボックス上限タッチ＋上昇（上抜け警戒） / MACDゴールデンクロス（上昇トレンド寄り） / 総合スコア 20点（反発余地あり）,20
2026-08-28 21:35:16,2026-08-28,8113.T,ユニ・チャーム,987.6,5.0,0.51,37.9,3.447,6.027,996.9,1041.0,946.5,True,False,True,100.0,False,25MAタッチ＋終値上昇（反発強候補） / RSI 37.9（やや弱い） / MACDデッドクロス（下落トレンド寄り） / 総合スコア 50点（反発余地あり）,50
2026-08-28 21:35:16,2026-08-28,8267.T,イオン,1358.5,12.0,0.89,43.3,-2.253,-1.982,1368.2,1403.7,1310.7,True,False,True,89.7,False,25MAタッチ＋終値上昇（反発強候補） / MACDデッドクロス（下落トレンド寄り） / 総合スコア 40点（反発余地あり）,40
2026-08-28 21:35:16,2026-08-28,8308.T,りそなHD,2512.5,71.0,2.91,66.4,47.556,40.631,2351.3,2552.5,2158.0,False,False,True,71.8,False,MACDゴールデンクロス（上昇トレンド寄り） / 総合スコア 20点（反発余地あり）,20
2026-08-28 21:35:16,2026-08-28,8411.T,みずほフィナンシャルグループ,8486.0,146.0,1.75,51.1,24.531,35.388,8327.6,8819.0,7857.0,False,False,True,83.4,False,MACDデッドクロス（下落トレンド寄り） / 総合スコア 0点（反発余地あり）,0
2026-08-28 21:35:16,2026-08-28,8591.T,オリックス,6218.0,-127.0,-2.0,43.9,-36.011,-34.798,6338.2,6547.0,5956.0,False,False,False,62.6,False,MACDデッドクロス（下落トレンド寄り） / 総合スコア 0点（反発余地あり）,0
2026-08-28 21:35:16,2026-08-28,8769.T,アドバンスクリエイト,506.0,5.0,1.0,59.5,-0.477,-0.072,506.0,531.0,485.0,True,False,True,90.9,False,25MAタッチ＋終値上昇（反発強候補） / MACDデッドクロス（下落トレンド寄り） / 総合スコア 40点（反発余地あり）,40
2026-08-28 21:35:16,2026-08-28,8802.T,三菱地所,3827.0,72.0,1.92,49.5,-65.868,-92.644,3795.8,4039.0,3549.0,True,False,True,80.4,False,25MAタッチ＋終値上昇（反発強候補） / MACDゴールデンクロス（上昇トレンド寄り） / 総合スコア 60点（反発候補）,60
2026-08-28 21:35:16,2026-08-28,9020.T,JR東日本,3578.0,-26.0,-0.72,61.9,9.858,-3.75,3556.3,3748.0,3351.0,True,False,True,63.6,False,25MAタッチ＋終値下落（反発弱候補・注意） / MACDゴールデンクロス（上昇トレンド寄り） / 総合スコア 40点（反発余地あり）,40
2026-08-28 21:35:16,2026-08-28,9022.T,JR東海,3935.0,-20.0,-0.51,53.6,42.585,44.184,3922.3,4090.0,3764.0,True,False,True,76.9,False,25MAタッチ＋終値下落（反発弱候補・注意） / MACDデッドクロス（下落トレンド寄り） / 総合スコア 20点（反発余地あり）,20
2026-08-28 21:35:16,2026-08-28,9021.T,JR西日本,2983.0,-10.5,-0.35,59.2,18.371,13.25,2962.2,3095.0,2782.5,True,False,True,89.0,False,25MAタッチ＋終値下落（反発弱候補・注意） / MACDゴールデンクロス（上昇トレンド寄り） / 総合スコア 40点（反発余地あり）,40
2026-08-28 21:35:16,2026-08-28,3697.T,SHIFT,963.3,0.6,0.06,59.8,44.153,45.98,904.7,1021.0,814.5,False,False,False,5.3,False,MACDデッドクロス（下落トレンド寄り） / 総合スコア 0点（反発余地あり）,0
2026-08-28 21:35:16,2026-08-28,3993.T,PKSHA Technology,3355.0,85.0,2.6,66.8,116.157,90.596,2991.9,3495.0,2681.0,False,False,False,15.2,False,MACDゴールデンクロス（上昇トレンド寄り） / 総合スコア 20点（反発余地あり）,20
2026-08-28 21:35:16,2026-08-28,4385.T,メルカリ,4617.0,24.0,0.52,37.2,35.905,63.191,4584.1,5111.0,4163.0,True,False,True,54.7,False,25MAタッチ＋終値上昇（反発強候補） / RSI 37.2（やや弱い） / MACDデッドクロス（下落トレンド寄り） / 総合スコア 50点（反発余地あり）,50
2026-08-28 21:35:16,2026-08-28,4443.T,Sansan,2315.0,136.0,6.24,72.2,109.931,99.509,2028.3,2345.0,1858.0,False,False,True,63.4,False,RSI 72.2（買われ過ぎ・警戒） / MACDゴールデンクロス（上昇トレンド寄り） / 総合スコア 20点（反発余地あり）,20
2026-08-28 21:35:16,2026-08-28,4478.T,freee,4435.0,205.0,4.85,90.9,453.058,357.231,3139.5,4585.0,2365.0,False,False,True,36.2,False,RSI 90.9（買われ過ぎ・警戒） / MACDゴールデンクロス（上昇トレンド寄り） / 総合スコア 20点（反発余地あり）,20
2026-08-28 21:35:16,2026-08-28,4480.T,メドレー,2714.0,27.0,1.0,76.2,179.922,172.963,2387.4,3040.0,1981.0,False,False,True,54.5,False,RSI 76.2（買われ過ぎ・警戒） / MACDゴールデンクロス（上昇トレンド寄り） / 総合スコア 20点（反発余地あり）,20
2026-08-28 21:35:16,2026-08-28,5032.T,ANYCOLOR,3030.0,42.0,1.41,76.0,110.607,95.141,2763.6,3080.0,2499.0,False,False,True,37.5,False,RSI 76.0（買われ過ぎ・警戒） / MACDゴールデンクロス（上昇トレンド寄り） / 総合スコア 20点（反発余地あり）,20
2026-08-28 21:35:16,2026-08-28,5246.T,ELEMENTS,924.0,19.0,2.1,69.1,43.257,40.21,815.2,939.0,721.0,False,False,True,67.4,False,MACDゴールデンクロス（上昇トレンド寄り） / 総合スコア 20点（反発余地あり）,20
2026-08-28 21:35:16,2026-08-28,5253.T,カバー,1730.0,48.0,2.85,58.8,33.676,14.971,1563.0,1763.0,1387.0,False,False,True,54.2,False,MACDゴールデンクロス（上昇トレンド寄り） / 総合スコア 20点（反発余地あり）,20
2026-08-28 21:35:16,2026-08-27,AAPL,Apple,314.6,1.1,0.36,51.9,-0.666,-1.081,314.6,320.3,299.7,True,False,True,86.3,False,25MAタッチ＋終値上昇（反発強候補） / MACDゴールデンクロス（上昇トレンド寄り） / 総合スコア 60点（反発候補）,60
2026-08-28 21:35:16,2026-08-27,MSFT,Microsoft,505.1,8.7,1.75,54.2,18.326,20.393,472.3,512.8,448.5,False,False,True,91.3,False,MACDデッドクロス（下落トレンド寄り） / 総合スコア 0点（反発余地あり）,0
2026-08-28 21:35:16,2026-08-27,AMZN,Amazon,256.3,-4.0,-1.54,29.8,1.796,3.48,260.0,287.2,255.0,False,True,False,26.7,False,ボックス下限タッチ＋下落（下抜け警戒） / RSI 29.8（売られ過ぎ） / MACDデッドクロス（下落トレンド寄り） / 総合スコア 40点（反発余地あり）,40
2026-08-28 21:35:16,2026-08-27,NVDA,NVIDIA,228.0,18.3,8.74,53.5,2.48,2.96,213.2,230.5,194.9,False,False,True,74.0,False,MACDデッドクロス（下落トレンド寄り） / 総合スコア 0点（反発余地あり）,0
2026-08-28 21:35:16,2026-08-27,META,Meta Platforms,571.1,-5.0,-0.87,42.1,-9.799,-10.734,576.0,612.4,537.3,True,False,False,16.8,False,25MAタッチ＋終値下落（反発弱候補・注意） / MACDゴールデンクロス（上昇トレンド寄り） / 総合スコア 40点（反発余地あり）,40
2026-08-28 21:35:16,2026-08-27,GOOGL,Alphabet Class A,340.6,-1.4,-0.39,33.7,-2.307,-1.915,346.6,384.5,338.5,False,True,True,67.2,False,ボックス下限タッチ＋下落（下抜け警戒） / RSI 33.7（やや弱い） / MACDデッドクロス（下落トレンド寄り） / 総合スコア 30点（反発余地あり）,30
2026-08-28 21:35:16,2026-08-27,GOOG,Alphabet Class C,337.7,-1.4,-0.41,28.9,-2.798,-2.278,344.8,381.8,335.4,False,True,True,67.7,False,ボックス下限タッチ＋下落（下抜け警戒） / RSI 28.9（売られ過ぎ） / MACDデッドクロス（下落トレンド寄り） / 総合スコア 40点（反発余地あり）,40
2026-08-28 21:35:16,2026-08-27,TSLA,Tesla,354.8,9.0,2.6,63.6,-0.511,-4.728,331.0,366.5,302.0,False,False,True,91.0,False,MACDゴールデンクロス（上昇トレンド寄り） / 総合スコア 20点（反発余地あり）,20
2026-08-28 21:35:16,2026-08-27,BRK-B,Berkshire Hathaway,503.7,-1.2,-0.24,35.2,-0.113,1.052,508.3,537.7,495.7,True,False,True,72.5,False,25MAタッチ＋終値下落（反発弱候補・注意） / RSI 35.2（やや弱い） / MACDデッドクロス（下落トレンド寄り） / 総合スコア 30点（反発余地あり）,30
2026-08-28 21:35:16,2026-08-27,UNH,UnitedHealth Group,395.0,-6.0,-1.49,40.6,-5.366,-5.416,405.3,422.8,383.8,False,False,False,20.9,False,MACDゴールデンクロス（上昇トレンド寄り） / 総合スコア 30点（反発余地あり）,30
2026-08-28 21:35:16,2026-08-27,XOM,Exxon Mobil,156.4,-1.8,-1.11,57.9,2.885,3.69,157.9,168.6,148.1,True,False,False,14.6,False,25MAタッチ＋終値下落（反発弱候補・注意） / MACDデッドクロス（下落トレンド寄り） / 総合スコア 20点（反発余地あり）,20
2026-08-28 21:35:16,2026-08-27,JNJ,Johnson & Johnson,265.8,-4.2,-1.57,59.3,4.268,4.044,262.4,275.1,249.2,False,False,False,42.0,False,MACDゴールデンクロス（上昇トレンド寄り） / 総合スコア 20点（反発余地あり）,20
2026-08-28 21:35:16,2026-08-27,JPM,JPMorgan Chase,354.2,-2.3,-0.64,45.1,2.66,4.276,356.7,366.5,349.7,True,False,False,37.3,False,25MAタッチ＋終値下落（反発弱候補・注意） / MACDデッドクロス（下落トレンド寄り） / 総合スコア 20点（反発余地あり）,20
2026-08-28 21:35:16,2026-08-27,V,Visa,379.7,-4.2,-1.1,68.1,6.529,5.203,367.3,385.6,358.0,False,False,False,35.5,False,MACDゴールデンクロス（上昇トレンド寄り） / 総合スコア 20点（反発余地あり）,20
2026-08-28 21:35:16,2026-08-27,PG,Procter & Gamble,143.1,-1.9,-1.28,41.0,-0.595,-0.612,145.4,148.5,141.5,False,False,False,29.9,False,MACDゴールデンクロス（上昇トレンド寄り） / 総合スコア 30点（反発余地あり）,30
2026-08-28 21:35:16,2026-08-27,MA,Mastercard,591.7,-6.7,-1.13,71.4,13.186,11.875,571.8,601.2,556.1,False,False,False,61.4,False,RSI 71.4（買われ過ぎ・警戒） / MACDゴールデンクロス（上昇トレンド寄り） / 総合スコア 20点（反発余地あり）,20
2026-08-28 21:35:16,2026-08-27,HD,Home Depot,328.6,-6.2,-1.86,25.4,-1.544,0.097,340.9,358.4,327.9,False,True,False,17.7,False,ボックス下限タッチ＋下落（下抜け警戒） / RSI 25.4（売られ過ぎ） / MACDデッドクロス（下落トレンド寄り） / 総合スコア 40点（反発余地あり）,40
2026-08-28 21:35:16,2026-08-27,CVX,Chevron,199.8,-0.4,-0.22,76.9,4.375,4.689,195.3,209.0,184.3,False,False,True,63.7,False,RSI 76.9（買われ過ぎ・警戒） / MACDデッドクロス（下落トレンド寄り） / 総合スコア 0点（反発余地あり）,0
2026-08-28 21:35:16,2026-08-27,MRK,Merck,149.5,-3.6,-2.33,72.0,6.782,5.356,137.0,156.9,126.2,False,False,True,17.0,False,RSI 72.0（買われ過ぎ・警戒） / MACDゴールデンクロス（上昇トレンド寄り） / 総合スコア 20点（反発余地あり）,20
2026-08-28 21:35:16,2026-08-27,ABBV,AbbVie,258.1,-4.8,-1.81,64.4,4.027,3.522,255.1,267.0,241.2,False,False,False,17.1,False,MACDゴールデンクロス（上昇トレンド寄り） / 総合スコア 20点（反発余地あり）,20
2026-08-28 21:35:16,2026-08-27,PEP,PepsiCo,139.7,-2.5,-1.74,51.8,0.661,0.492,140.4,145.9,136.7,True,False,False,2.8,False,25MAタッチ＋終値下落（反発弱候補・注意） / MACDゴールデンクロス（上昇トレンド寄り） / 総合スコア 40点（反発余地あり）,40
2026-08-28 21:35:16,2026-08-27,KO,Coca-Cola,89.1,-1.0,-1.13,59.6,1.627,1.613,88.0,92.5,85.2,False,False,False,9.3,False,MACDゴールデンクロス（上昇トレンド寄り） / 総合スコア 30点（反発余地あり）,30
2026-08-28 21:35:16,2026-08-27,AVGO,Broadcom,371.5,16.0,4.49,22.9,-8.983,-4.502,389.8,432.7,350.1,False,False,True,98.4,False,RSI 22.9（強い売られ過ぎ） / MACDデッドクロス（下落トレンド寄り） / 総合スコア 25点（反発余地あり）,25
2026-08-28 21:35:16,2026-08-27,COST,Costco,934.7,-21.5,-2.24,45.6,0.768,1.653,952.8,978.7,925.8,False,True,False,9.0,False,ボックス下限タッチ＋下落（下抜け警戒） / MACDデッドクロス（下落トレンド寄り） / 総合スコア 20点（反発余地あり）,20
2026-08-28 21:35:16,2026-08-27,WMT,Walmart,102.6,-1.7,-1.64,31.9,-2.291,-1.288,110.7,116.6,102.2,False,True,False,24.3,False,ボックス下限タッチ＋下落（下抜け警戒） / RSI 31.9（やや弱い） / MACDデッドクロス（下落トレンド寄り） / 総合スコア 30点（反発余地あり）,30
2026-08-28 21:35:16,2026-08-27,BAC,Bank of America,61.2,-1.1,-1.7,37.9,0.286,0.724,62.8,65.2,61.1,False,True,False,7.6,False,ボックス下限タッチ＋下落（下抜け警戒） / RSI 37.9（やや弱い） / MACDデッドクロス（下落トレンド寄り） / 総合スコア 30点（反発余地あり）,30
2026-08-28 21:35:16,2026-08-27,DIS,Disney,106.8,-2.8,-2.56,54.4,2.71,2.389,103.1,111.9,95.6,False,False,False,3.8,False,MACDゴールデンクロス（上昇トレンド寄り） / 総合スコア 20点（反発余地あり）,20
2026-08-28 21:35:16,2026-08-27,MCD,McDonald's,260.1,-6.9,-2.57,28.5,-1.532,-0.777,270.1,278.4,259.9,False,True,False,3.6,False,ボックス下限タッチ＋下落（下抜け警戒） / RSI 28.5（売られ過ぎ） / MACDデッドクロス（下落トレンド寄り） / 総合スコア 40点（反発余地あり）,40
2026-08-28 21:35:16,2026-08-27,CSCO,Cisco Systems,112.2,-0.2,-0.19,33.5,-1.354,-0.88,115.3,124.7,109.2,False,False,False,56.3,False,RSI 33.5（やや弱い） / MACDデッドクロス（下落トレンド寄り） / 総合スコア 10点（反発余地あり）,10
2026-08-28 21:35:16,2026-08-27,PFE,Pfizer,28.0,-0.3,-0.99,62.7,0.859,0.78,26.5,28.6,24.7,False,False,True,54.3,False,MACDゴールデンクロス（上昇トレンド寄り） / 総合スコア 30点（反発余地あり）,30
2026-08-28 21:35:16,2026-08-27,TMO,Thermo Fisher Scientific,630.7,-3.0,-0.47,71.9,21.974,20.968,595.2,647.0,562.5,False,False,True,40.5,False,RSI 71.9（買われ過ぎ・警戒） / MACDゴールデンクロス（上昇トレンド寄り） / 総合スコア 20点（反発余地あり）,20
2026-08-28 21:35:16,2026-08-27,ACN,Accenture,187.4,6.0,3.31,62.5,7.843,7.828,174.0,189.9,157.8,False,False,True,60.3,False,MACDゴールデンクロス（上昇トレンド寄り） / 総合スコア 30点（反発余地あり）,30
2026-08-28 21:35:16,2026-08-27,DHR,Danaher,215.7,0.3,0.15,63.8,5.523,4.76,204.4,220.7,192.6,False,False,True,47.3,False,MACDゴールデンクロス（上昇トレンド寄り） / 総合スコア 20点（反発余地あり）,20
2026-08-28 21:35:16,2026-08-27,LIN,Linde,485.4,-5.0,-1.02,45.9,-4.964,-6.665,489.8,499.2,466.9,True,False,True,76.4,False,25MAタッチ＋終値下落（反発弱候補・注意） / MACDゴールデンクロス（上昇トレンド寄り） / 総合スコア 40点（反発余地あり）,40
2026-08-28 21:35:16,2026-08-27,WFC,Wells Fargo,85.0,-0.3,-0.31,38.9,-0.28,0.109,86.4,89.7,83.5,False,False,True,79.6,False,RSI 38.9（やや弱い） / MACDデッドクロス（下落トレンド寄り） / 総合スコア 10点（反発余地あり）,10
2026-08-28 21:35:16,2026-08-27,TXN,Texas Instruments,266.5,4.8,1.82,32.3,-6.213,-5.476,273.6,289.6,255.2,False,False,True,85.3,False,RSI 32.3（やや弱い） / MACDデッドクロス（下落トレンド寄り） / 総合スコア 10点（反発余地あり）,10
2026-08-28 21:35:16,2026-08-27,UPS,United Parcel Service,105.7,0.0,0.03,64.1,-0.687,-1.172,104.2,107.7,100.8,False,False,True,72.2,False,MACDゴールデンクロス（上昇トレンド寄り） / 総合スコア 20点（反発余地あり）,20
2026-08-28 21:35:16,2026-08-27,NEE,NextEra Energy,83.5,-0.8,-0.89,39.2,-0.934,-0.769,86.1,88.1,82.8,False,True,False,70.4,False,ボックス下限タッチ＋下落（下抜け警戒） / RSI 39.2（やや弱い） / MACDデッドクロス（下落トレンド寄り） / 総合スコア 30点（反発余地あり）,30
2026-08-28 21:35:16,2026-08-27,RTX,RTX Corp,212.1,0.1,0.04,34.2,1.604,3.822,217.4,226.4,207.4,False,False,True,83.6,False,RSI 34.2（やや弱い） / MACDデッドクロス（下落トレンド寄り） / 総合スコア 10点（反発余地あり）,10
2026-08-28 21:35:16,2026-08-27,IBM,IBM,238.8,8.9,3.88,53.2,-0.954,-2.067,230.6,241.8,215.0,False,False,True,78.4,False,MACDゴールデンクロス（上昇トレンド寄り） / 総合スコア 20点（反発余地あり）,20
2026-08-28 21:35:16,2026-08-27,INTC,Intel,92.1,3.8,4.36,36.5,-3.504,-3.069,94.5,107.6,85.1,False,False,True,80.8,False,RSI 36.5（やや弱い） / MACDデッドクロス（下落トレンド寄り） / 総合スコア 10点（反発余地あり）,10
2026-08-28 21:35:16,2026-08-27,AMD,Advanced Micro Devices,476.7,-4.3,-0.89,47.9,-7.33,-7.541,481.5,530.1,451.0,False,False,False,52.7,False,MACDゴールデンクロス（上昇トレンド寄り） / 総合スコア 20点（反発余地あり）,20
2026-08-28 21:35:16,2026-08-27,NFLX,Netflix,79.8,-1.6,-1.99,64.0,1.858,1.362,76.0,82.5,71.1,False,False,False,29.9,False,MACDゴールデンクロス（上昇トレンド寄り） / 総合スコア 20点（反発余地あり）,20
2026-08-28 21:35:16,2026-08-27,QCOM,Qualcomm,164.8,1.1,0.65,44.1,-2.896,-4.229,161.1,168.9,142.9,False,False,False,56.9,False,MACDゴールデンクロス（上昇トレンド寄り） / 総合スコア 20点（反発余地あり）,20
2026-08-28 21:35:16,2026-08-27,SBUX,Starbucks,107.3,-1.2,-1.13,56.2,0.857,0.81,105.5,109.9,101.2,False,False,False,24.9,False,MACDゴールデンクロス（上昇トレンド寄り） / 総合スコア 30点（反発余地あり）,30
2026-08-28 21:35:16,2026-08-27,AMAT,Applied Materials,482.4,2.6,0.54,33.5,-15.505,-12.445,509.2,563.2,471.0,False,False,True,81.3,False,RSI 33.5（やや弱い） / MACDデッドクロス（下落トレンド寄り） / 総合スコア 10点（反発余地あり）,10
2026-08-28 21:35:16,2026-08-27,LOW,Lowe's,206.7,-3.6,-1.72,27.5,-0.51,0.628,215.6,225.8,205.8,False,True,False,30.4,False,ボックス下限タッチ＋下落（下抜け警戒） / RSI 27.5（売られ過ぎ） / MACDデッドクロス（下落トレンド寄り） / 総合スコア 40点（反発余地あり）,40
2026-08-28 21:35:16,2026-08-27,CAT,Caterpillar,817.0,-4.9,-0.6,42.2,-18.037,-17.841,839.1,935.0,801.0,False,False,False,37.7,False,MACDデッドクロス（下落トレンド寄り） / 総合スコア 0点（反発余地あり）,0
2026-08-28 21:35:16,2026-08-27,BLK,BlackRock,1167.6,-5.6,-0.48,59.2,25.363,27.253,1135.4,1187.2,1089.8,False,False,False,22.4,False,MACDデッドクロス（下落トレンド寄り） / 総合スコア 0点（反発余地あり）,0
2026-08-28 21:35:16,2026-08-27,GE,General Electric,342.7,-11.7,-3.29,35.1,-2.826,-0.002,361.1,388.8,339.6,False,True,False,22.5,False,ボックス下限タッチ＋下落（下抜け警戒） / RSI 35.1（やや弱い） / MACDデッドクロス（下落トレンド寄り） / 総合スコア 30点（反発余地あり）,30
2026-08-28 21:35:16,2026-08-27,HON,Honeywell,220.4,-0.3,-0.13,24.2,-4.837,-3.084,233.7,250.4,213.1,False,False,True,78.8,False,RSI 24.2（強い売られ過ぎ） / MACDデッドクロス（下落トレンド寄り） / 総合スコア 25点（反発余地あり）,25
2026-08-28 21:35:16,2026-08-27,BA,Boeing,209.9,-2.2,-1.04,10.9,-2.891,-0.501,223.0,241.1,208.7,False,True,False,27.6,False,ボックス下限タッチ＋下落（下抜け警戒） / RSI 10.9（強い売られ過ぎ） / MACDデッドクロス（下落トレンド寄り） / 総合スコア 45点（反発余地あり）,45
2026-08-28 21:35:16,2026-08-27,MDT,Medtronic,90.0,-2.0,-2.23,58.4,2.028,2.3,89.0,94.7,83.8,False,False,False,0.6,False,MACDデッドクロス（下落トレンド寄り） / 総合スコア 0点（反発余地あり）,0
2026-08-28 21:35:16,2026-08-27,SPGI,S&P Global,435.4,-1.1,-0.25,71.4,4.291,1.916,419.9,444.8,402.5,False,False,False,2.9,False,RSI 71.4（買われ過ぎ・警戒） / MACDゴールデンクロス（上昇トレンド寄り） / 総合スコア 20点（反発余地あり）,20
2026-08-28 21:35:16,2026-08-27,GS,Goldman Sachs,1040.9,0.4,0.04,50.4,-2.058,-3.534,1035.9,1077.2,1001.7,True,False,False,33.4,False,25MAタッチ＋終値上昇（反発強候補） / MACDゴールデンクロス（上昇トレンド寄り） / 総合スコア 60点（反発候補）,60
2026-08-28 21:35:16,2026-08-27,PLD,Prologis,141.9,-0.7,-0.52,57.6,-0.243,-0.509,142.3,146.0,137.2,True,False,True,44.9,False,25MAタッチ＋終値下落（反発弱候補・注意） / MACDゴールデンクロス（上昇トレンド寄り） / 総合スコア 40点（反発余地あり）,40
2026-08-28 21:35:16,2026-08-27,ADBE,Adobe,289.1,15.7,5.73,63.1,10.632,9.956,261.9,291.2,241.2,False,False,True,84.2,False,ボックス上限タッチ＋上昇（上抜け警戒） / MACDゴールデンクロス（上昇トレンド寄り） / 総合スコア 20点（反発余地あり）,20
2026-08-28 21:35:16,2026-08-27,NOW,ServiceNow,138.4,12.6,10.04,64.8,5.63,5.174,120.7,139.3,106.1,False,False,True,90.2,False,ボックス上限タッチ＋上昇（上抜け警戒） / MACDゴールデンクロス（上昇トレンド寄り） / 総合スコア 20点（反発余地あり）,20
2026-08-28 21:35:16,2026-08-27,BKNG,Booking Holdings,202.6,-6.3,-3.03,34.7,5.359,6.91,204.6,217.3,190.4,True,False,False,13.3,False,25MAタッチ＋終値下落（反発弱候補・注意） / RSI 34.7（やや弱い） / MACDデッドクロス（下落トレンド寄り） / 総合スコア 30点（反発余地あり）,30
2026-08-28 21:35:16,2026-08-27,ISRG,Intuitive Surgical,367.1,-3.4,-0.9,42.7,-2.245,-0.466,375.8,405.3,348.9,False,False,False,3.1,False,MACDデッドクロス（下落トレンド寄り） / 総合スコア 0点（反発余地あり）,0
2026-08-28 21:35:16,2026-08-27,LMT,Lockheed Martin,565.9,0.3,0.05,42.0,2.759,8.923,583.4,612.8,555.3,False,False,True,97.7,False,MACDデッドクロス（下落トレンド寄り） / 総合スコア 0点（反発余地あり）,0
2026-08-28 21:35:16,2026-08-27,EL,Estee Lauder,106.2,1.2,1.09,78.9,5.461,3.56,90.2,108.4,83.1,False,False,True,53.2,False,RSI 78.9（買われ過ぎ・警戒） / MACDゴールデンクロス（上昇トレンド寄り） / 総合スコア 20点（反発余地あり）,20
2026-08-28 21:35:16,2026-08-27,MO,Altria,67.7,-1.5,-2.1,47.9,-0.689,-1.148,68.0,69.8,63.9,True,False,False,25.5,False,25MAタッチ＋終値下落（反発弱候補・注意） / MACDゴールデンクロス（上昇トレンド寄り） / 総合スコア 40点（反発余地あり）,40
2026-08-28 21:35:16,2026-08-27,DE,Deere,622.7,-11.9,-1.87,50.6,6.741,4.872,616.3,660.7,579.3,False,False,False,42.0,False,MACDゴールデンクロス（上昇トレンド寄り） / 総合スコア 20点（反発余地あり）,20
2026-08-28 21:35:16,2026-08-27,C,Citigroup,132.7,-0.9,-0.66,43.8,-0.489,-0.148,134.0,140.9,129.6,False,False,False,41.3,False,MACDデッドクロス（下落トレンド寄り） / 総合スコア 0点（反発余地あり）,0
2026-08-28 21:35:16,2026-08-27,T,AT&T,25.4,-0.4,-1.7,73.8,0.714,0.658,24.5,26.0,22.5,False,False,False,48.4,False,RSI 73.8（買われ過ぎ・警戒） / MACDゴールデンクロス（上昇トレンド寄り） / 総合スコア 30点（反発余地あり）,30
2026-08-28 21:35:16,2026-08-27,VZ,Verizon,49.4,-0.8,-1.51,70.3,1.196,1.11,48.0,50.8,45.1,False,False,False,39.7,False,RSI 70.3（買われ過ぎ・警戒） / MACDゴールデンクロス（上昇トレンド寄り） / 総合スコア 30点（反発余地あり）,30
2026-08-28 21:35:16,2026-08-27,FDX,FedEx,331.4,-4.6,-1.36,61.4,4.476,3.862,322.1,341.7,306.9,False,False,False,5.5,False,MACDゴールデンクロス（上昇トレンド寄り） / 総合スコア 20点（反発余地あり）,20
2026-08-28 21:35:16,2026-08-27,SO,Southern Company,89.1,-0.7,-0.79,33.7,-1.1,-0.882,92.2,94.5,88.3,False,True,True,68.4,False,ボックス下限タッチ＋下落（下抜け警戒） / RSI 33.7（やや弱い） / MACDデッドクロス（下落トレンド寄り） / 総合スコア 30点（反発余地あり）,30
2026-08-28 21:35:16,2026-08-27,DUK,Duke Energy,120.8,-1.1,-0.86,41.0,-0.882,-0.727,123.6,125.7,119.7,False,True,True,68.5,False,ボックス下限タッチ＋下落（下抜け警戒） / MACDデッドクロス（下落トレンド寄り） / 総合スコア 20点（反発余地あり）,20
2026-08-28 21:35:16,2026-08-27,AEP,American Electric Power,122.7,-0.7,-0.53,42.8,-1.819,-1.76,126.0,128.6,120.1,False,False,True,77.5,False,MACDデッドクロス（下落トレンド寄り） / 総合スコア 5点（反発余地あり）,5
2026-08-28 21:35:16,2026-08-27,REGN,Regeneron,807.7,-7.1,-0.87,58.5,32.494,36.272,778.4,847.0,723.9,False,False,True,25.8,False,MACDデッドクロス（下落トレンド寄り） / 総合スコア 0点（反発余地あり）,0
2026-08-28 21:35:16,2026-08-27,GILD,Gilead Sciences,148.9,0.8,0.52,80.5,4.45,3.481,137.8,149.6,128.8,False,False,True,91.9,False,ボックス上限タッチ＋上昇（上抜け警戒） / RSI 80.5（買われ過ぎ・警戒） / MACDゴールデンクロス（上昇トレンド寄り） / 総合スコア 20点（反発余地あり）,20
2026-08-28 21:35:16,2026-08-27,VRTX,Vertex Pharmaceuticals,547.5,0.3,0.05,69.1,17.279,14.907,511.4,555.7,465.5,False,False,True,69.5,False,MACDゴールデンクロス（上昇トレンド寄り） / 総合スコア 20点（反発余地あり）,20
2026-08-28 21:35:16,2026-08-27,CSX,CSX Corp,51.5,-0.2,-0.43,69.0,0.46,0.402,50.8,52.2,49.4,False,False,True,69.6,False,MACDゴールデンクロス（上昇トレンド寄り） / 総合スコア 30点（反発余地あり）,30
2026-08-28 21:35:16,2026-08-27,NSC,Norfolk Southern,347.9,-4.8,-1.35,67.5,5.42,4.816,341.0,356.0,330.4,False,False,False,19.9,False,MACDゴールデンクロス（上昇トレンド寄り） / 総合スコア 20点（反発余地あり）,20
2026-08-28 21:35:16,2026-08-27,BDX,Becton Dickinson,188.1,-2.1,-1.09,69.9,7.512,7.586,177.8,193.1,162.4,False,False,False,14.9,False,MACDデッドクロス（下落トレンド寄り） / 総合スコア 5点（反発余地あり）,5
2026-08-28 21:35:16,2026-08-27,CL,Colgate-Palmolive,91.0,-1.1,-1.19,41.3,-0.084,0.007,91.9,94.2,89.2,True,False,True,40.7,False,25MAタッチ＋終値下落（反発弱候補・注意） / MACDデッドクロス（下落トレンド寄り） / 総合スコア 25点（反発余地あり）,25
2026-08-28 21:35:16,2026-08-27,MNST,Monster Beverage,46.7,-1.1,-2.32,49.8,-9.772,-9.851,66.2,97.7,45.0,False,False,False,41.3,False,MACDゴールデンクロス（上昇トレンド寄り） / 総合スコア 30点（反発余地あり）,30
2026-08-28 21:35:16,2026-08-27,KDP,Keurig Dr Pepper,31.9,-0.3,-1.02,61.9,0.351,0.168,30.9,33.1,28.7,False,False,True,39.0,False,MACDゴールデンクロス（上昇トレンド寄り） / 総合スコア 20点（反発余地あり）,20
2026-08-28 21:35:16,2026-08-27,WM,Waste Management,217.8,-3.5,-1.57,23.8,-2.263,-1.615,227.0,231.6,217.4,False,True,False,12.5,False,ボックス下限タッチ＋下落（下抜け警戒） / RSI 23.8（強い売られ過ぎ） / MACDデッドクロス（下落トレンド寄り） / 総合スコア 45点（反発余地あり）,45
2026-08-28 21:35:16,2026-08-27,ADP,Automatic Data Processing,284.7,3.3,1.17,64.6,7.828,7.87,271.8,286.2,259.0,False,False,True,78.7,False,ボックス上限タッチ＋上昇（上抜け警戒） / MACDデッドクロス（下落トレンド寄り） / 総合スコア 5点（反発余地あり）,5
2026-08-28 21:35:16,2026-08-27,ORCL,Oracle,151.9,3.1,2.06,54.5,1.707,0.943,140.8,159.3,125.7,False,False,False,70.0,False,MACDゴールデンクロス（上昇トレンド寄り） / 総合スコア 20点（反発余地あり）,20
2026-08-28 21:35:16,2026-08-27,CRM,Salesforce,252.1,46.4,22.58,80.6,11.672,8.606,195.5,254.5,177.0,False,False,True,90.1,False,ボックス上限タッチ＋上昇（上抜け警戒） / RSI 80.6（買われ過ぎ・警戒） / MACDゴールデンクロス（上昇トレンド寄り） / 総合スコア 20点（反発余地あり）,20
2026-08-28 21:35:16,2026-08-27,PANW,Palo Alto Networks,382.9,43.5,12.83,56.3,5.398,8.662,355.9,398.9,319.5,False,False,True,85.4,False,MACDデッドクロス（下落トレンド寄り） / 総合スコア 0点（反発余地あり）,0
2026-08-28 21:35:16,2026-08-27,FTNT,Fortinet,172.8,15.2,9.67,61.6,0.837,0.477,158.4,173.9,148.2,False,False,True,92.1,False,ボックス上限タッチ＋上昇（上抜け警戒） / MACDゴールデンクロス（上昇トレンド寄り） / 総合スコア 20点（反発余地あり）,20
2026-08-28 21:35:16,2026-08-27,HCA,HCA Healthcare,419.3,-7.8,-1.83,54.8,7.284,6.256,410.2,436.5,391.4,False,False,False,16.4,False,MACDゴールデンクロス（上昇トレンド寄り） / 総合スコア 20点（反発余地あり）,20
2026-08-28 21:35:16,2026-08-27,LRCX,Lam Research,318.6,5.7,1.82,53.3,-1.318,-1.925,308.8,345.3,276.8,False,False,False,74.2,False,MACDゴールデンクロス（上昇トレンド寄り） / 総合スコア 20点（反発余地あり）,20
2026-08-28 21:35:16,2026-08-27,MU,Micron Technology,935.4,-3.0,-0.32,57.7,7.211,4.336,902.5,1036.1,770.1,False,False,False,46.1,False,MACDゴールデンクロス（上昇トレンド寄り） / 総合スコア 20点（反発余地あり）,20
2026-08-28 21:35:16,2026-08-27,ZTS,Zoetis,75.0,-2.5,-3.22,55.6,0.118,-0.115,75.8,80.2,71.0,False,False,False,4.5,False,MACDゴールデンクロス（上昇トレンド寄り） / 総合スコア 20点（反発余地あり）,20
2026-08-28 21:35:16,2026-08-27,MAR,Marriott,353.9,-4.8,-1.34,50.9,-2.765,-3.564,360.1,377.2,340.1,False,False,False,2.4,False,MACDゴールデンクロス（上昇トレンド寄り） / 総合スコア 20点（反発余地あり）,20
2026-08-28 21:35:16,2026-08-27,ETN,Eaton,416.0,-3.4,-0.81,33.6,-0.051,4.403,425.5,478.0,393.4,False,False,False,6.5,False,RSI 33.6（やや弱い） / MACDデッドクロス（下落トレンド寄り） / 総合スコア 10点（反発余地あり）,10
2026-08-28 21:35:16,2026-08-27,EMR,Emerson Electric,157.7,-0.6,-0.37,50.0,2.613,3.562,156.4,165.8,147.4,True,False,False,47.7,False,25MAタッチ＋終値下落（反発弱候補・注意） / MACDデッドクロス（下落トレンド寄り） / 総合スコア 20点（反発余地あり）,20
2026-08-28 21:35:16,2026-08-27,ROST,Ross Stores,229.9,-6.4,-2.71,26.3,-0.975,1.046,245.0,257.0,228.1,False,True,False,6.5,False,ボックス下限タッチ＋下落（下抜け警戒） / RSI 26.3（売られ過ぎ） / MACDデッドクロス（下落トレンド寄り） / 総合スコア 40点（反発余地あり）,40
2026-08-28 21:35:16,2026-08-27,TJX,TJX Companies,134.2,-2.6,-1.91,6.1,-5.049,-3.131,151.7,162.0,134.2,False,True,False,2.9,False,ボックス下限タッチ＋下落（下抜け警戒） / RSI 6.1（強い売られ過ぎ） / MACDデッドクロス（下落トレンド寄り） / 総合スコア 45点（反発余地あり）,45
2026-08-28 21:35:16,2026-08-27,ABNB,Airbnb,184.4,-3.7,-1.95,57.4,9.785,9.968,171.0,193.5,148.6,False,False,False,7.5,False,MACDデッドクロス（下落トレンド寄り） / 総合スコア 0点（反発余地あり）,0
2026-08-28 21:35:16,2026-08-27,CRWD,CrowdStrike,228.0,38.8,20.5,56.5,1.71,3.098,202.5,229.1,181.2,False,False,True,95.1,False,ボックス上限タッチ＋上昇（上抜け警戒） / MACDデッドクロス（下落トレンド寄り） / 総合スコア 0点（反発余地あり）,0
2026-08-28 21:35:16,2026-08-27,DDOG,Datadog,242.9,15.3,6.7,53.8,-5.828,-3.986,249.2,292.7,219.0,False,False,True,43.3,False,MACDデッドクロス（下落トレンド寄り） / 総合スコア 0点（反発余地あり）,0
2026-08-28 21:35:16,2026-08-27,MDB,MongoDB,440.6,34.5,8.49,59.7,19.535,22.88,393.3,473.1,325.0,False,False,True,80.0,False,MACDデッドクロス（下落トレンド寄り） / 総合スコア 0点（反発余地あり）,0
2026-08-28 21:35:16,2026-08-27,MELI,MercadoLibre,1930.8,-19.7,-1.01,59.2,35.053,27.814,1875.3,2011.2,1759.2,False,False,False,44.1,False,MACDゴールデンクロス（上昇トレンド寄り） / 総合スコア 20点（反発余地あり）,20
2026-08-28 21:35:16,2026-08-27,NET,Cloudflare,308.2,23.3,8.19,52.7,4.746,7.446,291.4,332.2,272.3,False,False,True,93.2,False,MACDデッドクロス（下落トレンド寄り） / 総合スコア 0点（反発余地あり）,0
2026-08-28 21:35:16,2026-08-27,PLTR,Palantir Technologies,185.9,8.4,4.75,62.9,11.086,11.033,159.2,186.9,119.6,False,False,True,89.5,False,ボックス上限タッチ＋上昇（上抜け警戒） / MACDゴールデンクロス（上昇トレンド寄り） / 総合スコア 30点（反発余地あり）,30
2026-08-28 21:35:16,2026-08-27,SHOP,Shopify,154.3,4.0,2.69,53.2,6.719,7.196,141.6,158.9,115.3,False,False,True,75.2,False,MACDデッドクロス（下落トレンド寄り） / 総合スコア 0点（反発余地あり）,0
2026-08-28 21:35:16,2026-08-27,SNOW,Snowflake,329.1,13.7,4.36,49.1,11.285,14.562,314.5,342.0,292.6,False,False,True,67.5,False,MACDデッドクロス（下落トレンド寄り） / 総合スコア 0点（反発余地あり）,0
2026-08-28 21:35:16,2026-08-27,UBER,Uber Technologies,76.9,-1.5,-1.96,55.5,1.724,1.505,74.3,82.4,66.7,False,False,False,50.3,False,MACDゴールデンクロス（上昇トレンド寄り） / 総合スコア 20点（反発余地あり）,20
